3.356933593750000000e-04,-1.644897460937500000e-02
3.356933593750000000e-04,-4.577636718750000000e-03
3.356933593750000000e-04,3.347778320312500000e-02
3.051757812500000000e-04,-3.442382812500000000e-02
3.051757812500000000e-04,-3.353881835937500000e-02
3.662109375000000000e-04,-4.656982421875000000e-02
3.356933593750000000e-04,-6.063842773437500000e-02
3.967285156250000000e-04,-5.163574218750000000e-02
3.967285156250000000e-04,-2.133178710937500000e-02
3.967285156250000000e-04,-3.506469726562500000e-02
3.967285156250000000e-04,-7.720947265625000000e-03
3.967285156250000000e-04,1.156616210937500000e-02
4.272460937500000000e-04,1.116943359375000000e-02
4.577636718750000000e-04,3.347778320312500000e-02
4.272460937500000000e-04,-1.022338867187500000e-02
4.577636718750000000e-04,-2.093505859375000000e-02
4.272460937500000000e-04,-3.973388671875000000e-02
4.882812500000000000e-04,-3.356933593750000000e-02
4.577636718750000000e-04,-8.404541015625000000e-02
5.187988281250000000e-04,-4.882812500000000000e-02
4.882812500000000000e-04,-3.887939453125000000e-02
5.187988281250000000e-04,-6.408691406250000000e-02
5.493164062500000000e-04,-2.645874023437500000e-02
5.493164062500000000e-04,-6.082153320312500000e-02
5.187988281250000000e-04,-3.692626953125000000e-03
5.493164062500000000e-04,3.842163085937500000e-02
5.798339843750000000e-04,-2.899169921875000000e-02
5.493164062500000000e-04,3.955078125000000000e-02
5.798339843750000000e-04,1.028442382812500000e-02
6.103515625000000000e-04,3.463745117187500000e-02
6.408691406250000000e-04,-1.959228515625000000e-02
6.103515625000000000e-04,-3.247070312500000000e-02
6.408691406250000000e-04,-2.258300781250000000e-03
6.103515625000000000e-04,-2.142333984375000000e-02
6.713867187500000000e-04,6.225585937500000000e-03
7.019042968750000000e-04,-5.126953125000000000e-03
6.713867187500000000e-04,-2.127075195312500000e-02
7.019042968750000000e-04,3.387451171875000000e-03
7.019042968750000000e-04,-5.639648437500000000e-02
7.324218750000000000e-04,-1.220703125000000000e-04
7.019042968750000000e-04,-2.374267578125000000e-02
7.629394531250000000e-04,-3.561401367187500000e-02
7.324218750000000000e-04,-6.713867187500000000e-03
7.934570312500000000e-04,1.190185546875000000e-03
7.934570312500000000e-04,-2.557373046875000000e-02
7.019042968750000000e-04,5.798339843750000000e-04
7.934570312500000000e-04,-8.239746093750000000e-04
7.934570312500000000e-04,-2.828979492187500000e-02
8.239746093750000000e-04,-1.708984375000000000e-02
8.544921875000000000e-04,-2.395629882812500000e-02
8.239746093750000000e-04,-2.893066406250000000e-02
8.544921875000000000e-04,1.281738281250000000e-02
8.544921875000000000e-04,2.593994140625000000e-03
8.239746093750000000e-04,-9.460449218750000000e-03
8.544921875000000000e-04,1.159667968750000000e-03
8.850097656250000000e-04,-6.591796875000000000e-03
8.544921875000000000e-04,-2.279663085937500000e-02
8.544921875000000000e-04,-3.961181640625000000e-02
8.850097656250000000e-04,-7.485961914062500000e-02
8.850097656250000000e-04,-7.931518554687500000e-02
8.850097656250000000e-04,-1.885986328125000000e-02
9.155273437500000000e-04,-7.629394531250000000e-02
9.155273437500000000e-04,-7.470703125000000000e-02
9.155273437500000000e-04,-3.506469726562500000e-02
1.007080078125000000e-03,-5.163574218750000000e-02
8.850097656250000000e-04,-4.891967773437500000e-02
1.007080078125000000e-03,-7.443237304687500000e-02
9.460449218750000000e-04,-8.248901367187500000e-02
9.765625000000000000e-04,-5.996704101562500000e-02
9.460449218750000000e-04,-4.467773437500000000e-02
9.765625000000000000e-04,-3.247070312500000000e-02
9.765625000000000000e-04,-4.821777343750000000e-03
9.765625000000000000e-04,-1.296997070312500000e-02
1.007080078125000000e-03,-2.883911132812500000e-02
9.460449218750000000e-04,-3.143310546875000000e-02
9.765625000000000000e-04,-6.173706054687500000e-02
1.007080078125000000e-03,-2.410888671875000000e-02
9.765625000000000000e-04,1.785278320312500000e-02
1.037597656250000000e-03,-5.218505859375000000e-02
1.068115234375000000e-03,-6.076049804687500000e-02
1.037597656250000000e-03,-9.552001953125000000e-03
1.037597656250000000e-03,-3.268432617187500000e-02
1.037597656250000000e-03,-6.369018554687500000e-02
1.068115234375000000e-03,-4.171752929687500000e-02
1.068115234375000000e-03,2.600097656250000000e-02
1.068115234375000000e-03,-2.319335937500000000e-02
1.068115234375000000e-03,-1.333618164062500000e-02
1.037597656250000000e-03,2.731323242187500000e-02
1.068115234375000000e-03,3.021240234375000000e-02
1.037597656250000000e-03,2.557373046875000000e-02
1.068115234375000000e-03,-8.850097656250000000e-03
1.068115234375000000e-03,-1.458740234375000000e-02
1.098632812500000000e-03,3.692626953125000000e-03
1.098632812500000000e-03,2.294921875000000000e-02
1.037597656250000000e-03,1.943969726562500000e-02
1.068115234375000000e-03,4.412841796875000000e-02
1.037597656250000000e-03,4.025268554687500000e-02
1.068115234375000000e-03,4.483032226562500000e-02
1.068115234375000000e-03,9.140014648437500000e-02
1.068115234375000000e-03,7.754516601562500000e-02
1.098632812500000000e-03,7.305908203125000000e-02
1.068115234375000000e-03,3.054809570312500000e-02
1.068115234375000000e-03,2.456665039062500000e-02
1.037597656250000000e-03,5.477905273437500000e-02
1.037597656250000000e-03,1.300048828125000000e-02
1.037597656250000000e-03,2.304077148437500000e-02
1.007080078125000000e-03,5.758666992187500000e-02
1.037597656250000000e-03,4.394531250000000000e-02
1.068115234375000000e-03,-1.315307617187500000e-02
1.068115234375000000e-03,-2.185058593750000000e-02
1.037597656250000000e-03,-5.529785156250000000e-02
1.068115234375000000e-03,-5.249023437500000000e-03
1.098632812500000000e-03,1.351928710937500000e-02
1.037597656250000000e-03,-1.266479492187500000e-02
1.068115234375000000e-03,1.058959960937500000e-02
1.068115234375000000e-03,5.621337890625000000e-02
1.068115234375000000e-03,3.909301757812500000e-02
1.037597656250000000e-03,3.948974609375000000e-02
1.129150390625000000e-03,3.683471679687500000e-02
1.098632812500000000e-03,7.092285156250000000e-02
1.068115234375000000e-03,3.042602539062500000e-02
1.068115234375000000e-03,5.844116210937500000e-02
1.037597656250000000e-03,1.367187500000000000e-02
1.098632812500000000e-03,1.141357421875000000e-02
1.098632812500000000e-03,2.154541015625000000e-02
1.037597656250000000e-03,2.694702148437500000e-02
1.037597656250000000e-03,1.809692382812500000e-02
1.068115234375000000e-03,3.244018554687500000e-02
1.037597656250000000e-03,3.723144531250000000e-03
1.037597656250000000e-03,3.109741210937500000e-02
1.007080078125000000e-03,5.615234375000000000e-03
9.765625000000000000e-04,2.420043945312500000e-02
9.460449218750000000e-04,-1.834106445312500000e-02
1.007080078125000000e-03,-7.019042968750000000e-03
1.068115234375000000e-03,1.641845703125000000e-02
1.007080078125000000e-03,-2.770996093750000000e-02
1.068115234375000000e-03,1.568603515625000000e-02
1.007080078125000000e-03,2.236938476562500000e-02
1.007080078125000000e-03,7.336425781250000000e-02
9.765625000000000000e-04,6.243896484375000000e-02
1.007080078125000000e-03,4.385375976562500000e-02
1.037597656250000000e-03,5.859375000000000000e-03
9.765625000000000000e-04,2.465820312500000000e-02
9.765625000000000000e-04,3.375244140625000000e-02
9.765625000000000000e-04,7.983398437500000000e-02
9.765625000000000000e-04,7.742309570312500000e-02
9.460449218750000000e-04,5.810546875000000000e-02
9.460449218750000000e-04,5.310058593750000000e-03
9.155273437500000000e-04,2.734375000000000000e-02
8.544921875000000000e-04,8.789062500000000000e-03
8.850097656250000000e-04,3.143310546875000000e-03
8.850097656250000000e-04,-2.175903320312500000e-02
8.850097656250000000e-04,-3.009033203125000000e-02
9.155273437500000000e-04,3.405761718750000000e-02
8.544921875000000000e-04,2.359008789062500000e-02
8.239746093750000000e-04,-6.774902343750000000e-03
8.239746093750000000e-04,4.867553710937500000e-02
7.629394531250000000e-04,1.516723632812500000e-02
7.934570312500000000e-04,4.190063476562500000e-02
7.934570312500000000e-04,2.926635742187500000e-02
8.239746093750000000e-04,-7.263183593750000000e-03
7.934570312500000000e-04,-8.605957031250000000e-03
7.934570312500000000e-04,3.402709960937500000e-02
7.324218750000000000e-04,6.570434570312500000e-02
7.324218750000000000e-04,4.638671875000000000e-02
7.019042968750000000e-04,5.841064453125000000e-02
7.019042968750000000e-04,5.126953125000000000e-03
7.324218750000000000e-04,6.759643554687500000e-02
7.019042968750000000e-04,4.025268554687500000e-02
7.019042968750000000e-04,3.405761718750000000e-02
7.019042968750000000e-04,-2.258300781250000000e-03
6.713867187500000000e-04,-4.321289062500000000e-02
6.713867187500000000e-04,1.815795898437500000e-02
6.408691406250000000e-04,1.718139648437500000e-02
6.713867187500000000e-04,9.048461914062500000e-02
6.103515625000000000e-04,1.206359863281250000e-01
6.408691406250000000e-04,4.409790039062500000e-02
6.408691406250000000e-04,-2.502441406250000000e-03
6.103515625000000000e-04,7.507324218750000000e-02
5.493164062500000000e-04,1.173400878906250000e-01
6.103515625000000000e-04,5.883789062500000000e-02
5.798339843750000000e-04,5.746459960937500000e-02
6.103515625000000000e-04,6.704711914062500000e-02
5.798339843750000000e-04,4.785156250000000000e-02
5.493164062500000000e-04,9.591674804687500000e-02
5.493164062500000000e-04,7.165527343750000000e-02
5.187988281250000000e-04,6.713867187500000000e-02
5.493164062500000000e-04,1.855468750000000000e-02
5.493164062500000000e-04,6.021118164062500000e-02
5.493164062500000000e-04,2.426147460937500000e-02
4.882812500000000000e-04,1.611328125000000000e-02
5.187988281250000000e-04,2.487182617187500000e-02
4.882812500000000000e-04,4.302978515625000000e-03
4.882812500000000000e-04,2.554321289062500000e-02
4.882812500000000000e-04,7.537841796875000000e-02
4.577636718750000000e-04,3.549194335937500000e-02
4.577636718750000000e-04,7.815551757812500000e-02
4.272460937500000000e-04,8.148193359375000000e-02
4.577636718750000000e-04,6.448364257812500000e-02
4.577636718750000000e-04,8.602905273437500000e-02
4.882812500000000000e-04,1.208496093750000000e-02
4.272460937500000000e-04,3.662109375000000000e-04
4.577636718750000000e-04,1.483154296875000000e-02
4.272460937500000000e-04,5.200195312500000000e-02
3.967285156250000000e-04,4.965209960937500000e-02
4.272460937500000000e-04,5.435180664062500000e-02
4.577636718750000000e-04,1.286315917968750000e-01
4.577636718750000000e-04,7.342529296875000000e-02
3.662109375000000000e-04,1.005859375000000000e-01
4.272460937500000000e-04,3.530883789062500000e-02
3.662109375000000000e-04,1.373291015625000000e-03
3.662109375000000000e-04,1.550292968750000000e-02
3.662109375000000000e-04,1.669311523437500000e-02
3.356933593750000000e-04,7.067871093750000000e-02
3.967285156250000000e-04,1.187133789062500000e-02
3.662109375000000000e-04,1.602172851562500000e-02
3.662109375000000000e-04,4.452514648437500000e-02
3.356933593750000000e-04,2.001953125000000000e-02
3.356933593750000000e-04,3.393554687500000000e-02
3.051757812500000000e-04,1.858520507812500000e-02
3.051757812500000000e-04,-7.415771484375000000e-03
3.051757812500000000e-04,-4.977416992187500000e-02
2.441406250000000000e-04,-3.247070312500000000e-02
2.746582031250000000e-04,-1.031494140625000000e-02
2.441406250000000000e-04,4.150390625000000000e-03
2.441406250000000000e-04,1.837158203125000000e-02
2.441406250000000000e-04,7.843017578125000000e-03
1.831054687500000000e-04,-7.720947265625000000e-03
1.831054687500000000e-04,2.951049804687500000e-02
1.831054687500000000e-04,1.657104492187500000e-02
2.441406250000000000e-04,-2.871704101562500000e-02
2.136230468750000000e-04,-4.547119140625000000e-02
1.525878906250000000e-04,1.904296875000000000e-02
1.831054687500000000e-04,-9.429931640625000000e-03
2.136230468750000000e-04,-3.237915039062500000e-02
2.136230468750000000e-04,1.135253906250000000e-02
1.525878906250000000e-04,-5.706787109375000000e-03
1.525878906250000000e-04,6.439208984375000000e-03
1.525878906250000000e-04,-5.096435546875000000e-03
1.525878906250000000e-04,-2.819824218750000000e-02
1.831054687500000000e-04,-5.499267578125000000e-02
1.525878906250000000e-04,-5.096435546875000000e-02
1.525878906250000000e-04,-3.253173828125000000e-02
1.220703125000000000e-04,4.089355468750000000e-03
1.220703125000000000e-04,-4.614257812500000000e-02
1.525878906250000000e-04,-4.913330078125000000e-02
1.525878906250000000e-04,-6.683349609375000000e-03
1.831054687500000000e-04,-1.736450195312500000e-02
1.220703125000000000e-04,-3.546142578125000000e-02
9.155273437500000000e-05,-2.069091796875000000e-02
1.525878906250000000e-04,-3.314208984375000000e-02
1.220703125000000000e-04,-2.227783203125000000e-03
1.220703125000000000e-04,-1.751708984375000000e-02
1.831054687500000000e-04,3.713989257812500000e-02
9.155273437500000000e-05,1.260375976562500000e-02
1.525878906250000000e-04,3.112792968750000000e-02
1.831054687500000000e-04,2.441406250000000000e-03
1.831054687500000000e-04,3.387451171875000000e-03
2.136230468750000000e-04,1.089477539062500000e-02
1.831054687500000000e-04,-5.798339843750000000e-04
1.831054687500000000e-04,-1.181030273437500000e-02
1.831054687500000000e-04,-5.538940429687500000e-02
2.136230468750000000e-04,-5.691528320312500000e-02
1.831054687500000000e-04,-1.687622070312500000e-02
2.136230468750000000e-04,-3.509521484375000000e-03
1.831054687500000000e-04,-5.487060546875000000e-02
1.525878906250000000e-04,-1.672363281250000000e-02
1.525878906250000000e-04,-5.581665039062500000e-02
1.831054687500000000e-04,1.480102539062500000e-02
1.831054687500000000e-04,5.157470703125000000e-03
2.441406250000000000e-04,-4.425048828125000000e-03
2.746582031250000000e-04,-6.323242187500000000e-02
2.136230468750000000e-04,-2.975463867187500000e-02
2.136230468750000000e-04,-4.183959960937500000e-02
2.136230468750000000e-04,-7.510375976562500000e-02
1.831054687500000000e-04,-6.256103515625000000e-02
2.136230468750000000e-04,-8.483886718750000000e-02
2.136230468750000000e-04,-4.531860351562500000e-02
1.525878906250000000e-04,-1.138610839843750000e-01
2.441406250000000000e-04,-7.983398437500000000e-02
1.831054687500000000e-04,-7.519531250000000000e-02
1.831054687500000000e-04,-1.037292480468750000e-01
2.746582031250000000e-04,-1.266479492187500000e-01
2.746582031250000000e-04,-1.065979003906250000e-01
2.746582031250000000e-04,-1.358947753906250000e-01
2.136230468750000000e-04,-6.149291992187500000e-02
2.746582031250000000e-04,-6.222534179687500000e-02
2.441406250000000000e-04,-1.088256835937500000e-01
3.051757812500000000e-04,-1.342468261718750000e-01
3.051757812500000000e-04,-1.067199707031250000e-01
2.746582031250000000e-04,-1.076965332031250000e-01
3.356933593750000000e-04,-8.517456054687500000e-02
3.356933593750000000e-04,-3.094482421875000000e-02
3.662109375000000000e-04,-4.559326171875000000e-02
3.356933593750000000e-04,-5.960083007812500000e-02
3.662109375000000000e-04,-5.694580078125000000e-02
3.967285156250000000e-04,-2.902221679687500000e-02
4.577636718750000000e-04,-1.049804687500000000e-01
4.272460937500000000e-04,-1.002197265625000000e-01
4.272460937500000000e-04,-2.578735351562500000e-02
4.272460937500000000e-04,-7.769775390625000000e-02
4.577636718750000000e-04,-2.059936523437500000e-02
4.577636718750000000e-04,-8.212280273437500000e-02
4.577636718750000000e-04,-4.318237304687500000e-02
4.577636718750000000e-04,-9.613037109375000000e-02
4.272460937500000000e-04,-1.268615722656250000e-01
4.577636718750000000e-04,-8.972167968750000000e-02
4.882812500000000000e-04,-7.443237304687500000e-02
5.187988281250000000e-04,-1.132812500000000000e-01
5.187988281250000000e-04,-1.037292480468750000e-01
4.882812500000000000e-04,-1.080932617187500000e-01
5.187988281250000000e-04,-9.594726562500000000e-02
4.882812500000000000e-04,-1.057434082031250000e-01
5.187988281250000000e-04,-6.692504882812500000e-02
5.187988281250000000e-04,-1.983642578125000000e-02
5.493164062500000000e-04,-2.120971679687500000e-02
5.493164062500000000e-04,-1.776123046875000000e-02
5.798339843750000000e-04,-7.751464843750000000e-03
5.493164062500000000e-04,-1.507568359375000000e-02
5.493164062500000000e-04,2.862548828125000000e-02
6.103515625000000000e-04,-4.251098632812500000e-02
5.798339843750000000e-04,-6.790161132812500000e-02
5.798339843750000000e-04,-5.798339843750000000e-02
6.103515625000000000e-04,-7.009887695312500000e-02
6.408691406250000000e-04,1.312255859375000000e-03
6.408691406250000000e-04,2.047729492187500000e-02
6.408691406250000000e-04,-6.365966796875000000e-02
6.408691406250000000e-04,-5.255126953125000000e-02
7.019042968750000000e-04,-5.691528320312500000e-02
6.713867187500000000e-04,-1.104431152343750000e-01
6.713867187500000000e-04,-4.290771484375000000e-02
6.713867187500000000e-04,-7.440185546875000000e-02
7.629394531250000000e-04,-1.400756835937500000e-02
7.324218750000000000e-04,-2.923583984375000000e-02
7.324218750000000000e-04,-6.164550781250000000e-03
7.629394531250000000e-04,-3.985595703125000000e-02
7.629394531250000000e-04,-1.812744140625000000e-02
7.934570312500000000e-04,-5.242919921875000000e-02
8.239746093750000000e-04,-5.340576171875000000e-03
8.850097656250000000e-04,-1.217651367187500000e-02
8.850097656250000000e-04,-3.125000000000000000e-02
8.850097656250000000e-04,-1.763916015625000000e-02
8.544921875000000000e-04,-4.846191406250000000e-02
8.544921875000000000e-04,-5.270385742187500000e-02
8.850097656250000000e-04,-3.793334960937500000e-02
9.155273437500000000e-04,2.798461914062500000e-02
8.850097656250000000e-04,7.415771484375000000e-03
8.544921875000000000e-04,2.359008789062500000e-02
7.934570312500000000e-04,5.258178710937500000e-02
8.544921875000000000e-04,6.668090820312500000e-02
8.850097656250000000e-04,2.691650390625000000e-02
8.544921875000000000e-04,-1.141357421875000000e-02
9.460449218750000000e-04,-3.295898437500000000e-02
9.460449218750000000e-04,-1.632690429687500000e-02
9.765625000000000000e-04,-6.484985351562500000e-02
9.765625000000000000e-04,-1.898193359375000000e-02
9.765625000000000000e-04,-1.596069335937500000e-02
9.155273437500000000e-04,-5.667114257812500000e-02
9.460449218750000000e-04,-4.376220703125000000e-02
9.155273437500000000e-04,-6.045532226562500000e-02
9.460449218750000000e-04,-1.026611328125000000e-01
1.007080078125000000e-03,-1.137084960937500000e-01
1.007080078125000000e-03,-1.061096191406250000e-01
1.007080078125000000e-03,-5.770874023437500000e-02
1.037597656250000000e-03,-8.602905273437500000e-02
1.037597656250000000e-03,-1.412963867187500000e-02
1.007080078125000000e-03,3.723144531250000000e-03
1.037597656250000000e-03,-2.239990234375000000e-02
1.007080078125000000e-03,-8.602905273437500000e-02
1.007080078125000000e-03,-2.108764648437500000e-02
1.068115234375000000e-03,-3.576660156250000000e-02
1.037597656250000000e-03,1.336669921875000000e-02
1.068115234375000000e-03,-3.204345703125000000e-03
1.037597656250000000e-03,4.776000976562500000e-02
1.037597656250000000e-03,1.034545898437500000e-02
1.037597656250000000e-03,1.812744140625000000e-02
1.068115234375000000e-03,-1.226806640625000000e-02
1.098632812500000000e-03,1.870727539062500000e-02
1.098632812500000000e-03,-3.533935546875000000e-02
1.098632812500000000e-03,-2.551269531250000000e-02
1.098632812500000000e-03,-3.146362304687500000e-02
1.098632812500000000e-03,-4.788208007812500000e-02
1.037597656250000000e-03,-9.912109375000000000e-02
1.068115234375000000e-03,-6.869506835937500000e-02
1.098632812500000000e-03,-5.682373046875000000e-02
1.098632812500000000e-03,-3.686523437500000000e-02
1.159667968750000000e-03,2.655029296875000000e-03
1.129150390625000000e-03,-6.390380859375000000e-02
1.159667968750000000e-03,-3.472900390625000000e-02
1.129150390625000000e-03,1.281738281250000000e-02
1.129150390625000000e-03,-2.929687500000000000e-03
1.190185546875000000e-03,-6.622314453125000000e-02
1.190185546875000000e-03,-5.581665039062500000e-02
1.190185546875000000e-03,-1.251220703125000000e-02
1.190185546875000000e-03,-2.206420898437500000e-02
1.220703125000000000e-03,1.144409179687500000e-02
1.220703125000000000e-03,5.264282226562500000e-02
1.159667968750000000e-03,8.822631835937500000e-02
1.220703125000000000e-03,4.455566406250000000e-02
1.251220703125000000e-03,4.788208007812500000e-02
1.190185546875000000e-03,3.573608398437500000e-02
1.220703125000000000e-03,-1.498413085937500000e-02
1.251220703125000000e-03,-4.489135742187500000e-02
1.190185546875000000e-03,-6.753540039062500000e-02
1.220703125000000000e-03,1.419067382812500000e-02
1.220703125000000000e-03,3.302001953125000000e-02
1.251220703125000000e-03,1.452636718750000000e-02
1.190185546875000000e-03,-2.676391601562500000e-02
1.190185546875000000e-03,-4.147338867187500000e-02
1.159667968750000000e-03,-4.492187500000000000e-02
1.129150390625000000e-03,-7.974243164062500000e-02
1.220703125000000000e-03,-1.525878906250000000e-03
1.220703125000000000e-03,-2.636718750000000000e-02
1.220703125000000000e-03,-1.242065429687500000e-02
1.159667968750000000e-03,-4.022216796875000000e-02
1.190185546875000000e-03,-5.078125000000000000e-02
1.220703125000000000e-03,-7.144165039062500000e-02
1.281738281250000000e-03,-4.309082031250000000e-02
1.281738281250000000e-03,-5.575561523437500000e-02
1.312255859375000000e-03,6.469726562500000000e-03
1.251220703125000000e-03,4.818725585937500000e-02
1.251220703125000000e-03,8.834838867187500000e-02
1.251220703125000000e-03,5.484008789062500000e-02
1.251220703125000000e-03,6.396484375000000000e-02
1.312255859375000000e-03,3.378295898437500000e-02
1.281738281250000000e-03,5.520629882812500000e-02
1.281738281250000000e-03,4.150390625000000000e-02
1.251220703125000000e-03,3.271484375000000000e-02
1.251220703125000000e-03,1.030578613281250000e-01
1.281738281250000000e-03,1.292419433593750000e-01
1.281738281250000000e-03,5.459594726562500000e-02
1.251220703125000000e-03,5.279541015625000000e-03
1.251220703125000000e-03,-1.159667968750000000e-02
1.251220703125000000e-03,3.359985351562500000e-02
1.251220703125000000e-03,1.174926757812500000e-02
1.251220703125000000e-03,1.739501953125000000e-02
1.251220703125000000e-03,4.360961914062500000e-02
1.251220703125000000e-03,4.547119140625000000e-03
1.251220703125000000e-03,2.017211914062500000e-02
1.251220703125000000e-03,5.068969726562500000e-02
1.251220703125000000e-03,7.806396484375000000e-02
1.251220703125000000e-03,3.524780273437500000e-02
1.312255859375000000e-03,8.352661132812500000e-02
1.281738281250000000e-03,2.429199218750000000e-02
1.281738281250000000e-03,1.611328125000000000e-02
1.251220703125000000e-03,1.330566406250000000e-02
1.281738281250000000e-03,-2.227783203125000000e-03
1.251220703125000000e-03,1.889038085937500000e-02
1.281738281250000000e-03,1.998901367187500000e-02
1.220703125000000000e-03,5.480957031250000000e-02
1.251220703125000000e-03,3.799438476562500000e-02
1.190185546875000000e-03,2.624511718750000000e-02
1.220703125000000000e-03,-5.767822265625000000e-03
1.190185546875000000e-03,-1.208496093750000000e-02
1.159667968750000000e-03,-1.971435546875000000e-02
1.251220703125000000e-03,-3.729248046875000000e-02
1.190185546875000000e-03,2.975463867187500000e-02
1.220703125000000000e-03,2.908325195312500000e-02
1.190185546875000000e-03,6.353759765625000000e-02
1.159667968750000000e-03,5.758666992187500000e-02
1.220703125000000000e-03,5.718994140625000000e-02
1.190185546875000000e-03,6.265258789062500000e-02
1.190185546875000000e-03,9.286499023437500000e-02
1.159667968750000000e-03,9.109497070312500000e-02
1.129150390625000000e-03,7.015991210937500000e-02
1.159667968750000000e-03,-4.211425781250000000e-03
1.190185546875000000e-03,1.373291015625000000e-03
1.159667968750000000e-03,6.042480468750000000e-02
1.190185546875000000e-03,1.208190917968750000e-01
1.159667968750000000e-03,1.121520996093750000e-01
1.190185546875000000e-03,7.852172851562500000e-02
1.190185546875000000e-03,5.664062500000000000e-02
1.159667968750000000e-03,2.255249023437500000e-02
1.220703125000000000e-03,2.008056640625000000e-02
1.159667968750000000e-03,-3.234863281250000000e-03
1.159667968750000000e-03,-5.187988281250000000e-03
1.220703125000000000e-03,6.616210937500000000e-02
1.190185546875000000e-03,9.515380859375000000e-02
1.129150390625000000e-03,1.024780273437500000e-01
1.098632812500000000e-03,9.765625000000000000e-02
1.159667968750000000e-03,3.552246093750000000e-02
1.190185546875000000e-03,5.154418945312500000e-02
1.129150390625000000e-03,5.783081054687500000e-02
1.098632812500000000e-03,2.786254882812500000e-02
1.159667968750000000e-03,4.669189453125000000e-03
1.159667968750000000e-03,-8.636474609375000000e-03
1.129150390625000000e-03,-4.238891601562500000e-02
1.159667968750000000e-03,1.394653320312500000e-02
1.129150390625000000e-03,-2.349853515625000000e-03
1.129150390625000000e-03,-3.552246093750000000e-02
1.129150390625000000e-03,-6.863403320312500000e-02
1.190185546875000000e-03,-9.085083007812500000e-02
1.159667968750000000e-03,-3.100585937500000000e-02
1.098632812500000000e-03,4.351806640625000000e-02
1.159667968750000000e-03,6.390380859375000000e-02
1.159667968750000000e-03,8.966064453125000000e-02
1.159667968750000000e-03,2.355957031250000000e-02
1.159667968750000000e-03,7.568359375000000000e-03
1.129150390625000000e-03,-2.130126953125000000e-02
1.159667968750000000e-03,-1.187133789062500000e-02
1.220703125000000000e-03,1.019287109375000000e-02
1.159667968750000000e-03,-2.191162109375000000e-02
1.129150390625000000e-03,1.193237304687500000e-02
1.159667968750000000e-03,1.239013671875000000e-02
1.129150390625000000e-03,1.556396484375000000e-02
1.098632812500000000e-03,-1.016235351562500000e-02
1.068115234375000000e-03,8.148193359375000000e-03
1.068115234375000000e-03,1.632690429687500000e-02
1.037597656250000000e-03,1.281738281250000000e-03
1.037597656250000000e-03,3.659057617187500000e-02
1.098632812500000000e-03,9.429931640625000000e-03
1.098632812500000000e-03,7.629394531250000000e-03
1.037597656250000000e-03,-2.178955078125000000e-02
1.068115234375000000e-03,-1.974487304687500000e-02
1.129150390625000000e-03,-1.690673828125000000e-02
1.098632812500000000e-03,9.826660156250000000e-03
1.098632812500000000e-03,5.249023437500000000e-02
1.068115234375000000e-03,1.040649414062500000e-02
1.037597656250000000e-03,3.131103515625000000e-02
1.068115234375000000e-03,-1.095581054687500000e-02
1.068115234375000000e-03,-2.941894531250000000e-02
1.007080078125000000e-03,-2.081298828125000000e-02
1.037597656250000000e-03,8.209228515625000000e-03
1.098632812500000000e-03,-1.324462890625000000e-02
1.068115234375000000e-03,1.962280273437500000e-02
1.098632812500000000e-03,-1.736450195312500000e-02
1.068115234375000000e-03,9.094238281250000000e-03
1.037597656250000000e-03,6.451416015625000000e-02
9.765625000000000000e-04,9.335327148437500000e-02
1.007080078125000000e-03,4.864501953125000000e-02
1.007080078125000000e-03,4.351806640625000000e-02
1.007080078125000000e-03,5.880737304687500000e-02
1.037597656250000000e-03,6.335449218750000000e-02
1.037597656250000000e-03,1.193237304687500000e-02
9.460449218750000000e-04,2.072143554687500000e-02
9.765625000000000000e-04,-3.872680664062500000e-02
9.765625000000000000e-04,-3.060913085937500000e-02
9.460449218750000000e-04,3.967285156250000000e-03
9.765625000000000000e-04,2.798461914062500000e-02
9.155273437500000000e-04,1.373291015625000000e-03
9.765625000000000000e-04,5.276489257812500000e-02
9.765625000000000000e-04,4.779052734375000000e-02
9.765625000000000000e-04,-1.525878906250000000e-04
9.765625000000000000e-04,-5.017089843750000000e-02
9.765625000000000000e-04,-6.976318359375000000e-02
9.765625000000000000e-04,3.396606445312500000e-02
9.460449218750000000e-04,9.765625000000000000e-04
9.460449218750000000e-04,-2.899169921875000000e-03
9.460449218750000000e-04,6.652832031250000000e-02
9.765625000000000000e-04,5.477905273437500000e-02
9.460449218750000000e-04,-9.674072265625000000e-03
9.460449218750000000e-04,3.710937500000000000e-02
8.850097656250000000e-04,1.574707031250000000e-02
9.765625000000000000e-04,4.669189453125000000e-02
9.460449218750000000e-04,9.887695312500000000e-03
9.460449218750000000e-04,7.568359375000000000e-03
9.155273437500000000e-04,1.284790039062500000e-02
9.155273437500000000e-04,5.108642578125000000e-02
8.850097656250000000e-04,5.221557617187500000e-02
8.850097656250000000e-04,6.613159179687500000e-02
9.155273437500000000e-04,3.530883789062500000e-02
9.155273437500000000e-04,4.516601562500000000e-02
9.460449218750000000e-04,6.143188476562500000e-02
9.460449218750000000e-04,4.501342773437500000e-02
9.155273437500000000e-04,4.275512695312500000e-02
8.850097656250000000e-04,5.874633789062500000e-02
9.155273437500000000e-04,3.259277343750000000e-02
9.155273437500000000e-04,8.425903320312500000e-02
9.460449218750000000e-04,1.181030273437500000e-01
8.850097656250000000e-04,8.715820312500000000e-02
9.460449218750000000e-04,3.811645507812500000e-02
1.007080078125000000e-03,5.773925781250000000e-02
9.155273437500000000e-04,5.038452148437500000e-02
9.155273437500000000e-04,1.937866210937500000e-02
9.460449218750000000e-04,1.232910156250000000e-02
9.155273437500000000e-04,3.384399414062500000e-02
9.765625000000000000e-04,3.799438476562500000e-02
8.850097656250000000e-04,3.396606445312500000e-02
8.239746093750000000e-04,-2.734375000000000000e-02
8.544921875000000000e-04,2.716064453125000000e-03
9.155273437500000000e-04,2.923583984375000000e-02
8.850097656250000000e-04,6.817626953125000000e-02
9.155273437500000000e-04,6.848144531250000000e-02
8.544921875000000000e-04,3.631591796875000000e-03
8.850097656250000000e-04,-1.354980468750000000e-02
9.155273437500000000e-04,-1.824951171875000000e-02
8.850097656250000000e-04,7.324218750000000000e-03
8.850097656250000000e-04,1.660156250000000000e-02
8.850097656250000000e-04,-5.670166015625000000e-02
8.544921875000000000e-04,-3.988647460937500000e-02
8.544921875000000000e-04,-2.786254882812500000e-02
9.155273437500000000e-04,-5.035400390625000000e-03
8.544921875000000000e-04,-4.577636718750000000e-04
8.850097656250000000e-04,-1.739501953125000000e-03
8.850097656250000000e-04,-2.972412109375000000e-02
8.850097656250000000e-04,2.441406250000000000e-03
8.544921875000000000e-04,1.812744140625000000e-02
8.544921875000000000e-04,3.338623046875000000e-02
8.544921875000000000e-04,-1.034545898437500000e-02
8.544921875000000000e-04,-5.035400390625000000e-03
7.934570312500000000e-04,7.446289062500000000e-03
7.934570312500000000e-04,3.497314453125000000e-02
8.239746093750000000e-04,3.970336914062500000e-02
8.239746093750000000e-04,5.291748046875000000e-02
8.544921875000000000e-04,7.836914062500000000e-02
7.934570312500000000e-04,2.325439453125000000e-02
8.544921875000000000e-04,-1.150512695312500000e-02
7.934570312500000000e-04,2.789306640625000000e-02
8.239746093750000000e-04,2.804565429687500000e-02
8.544921875000000000e-04,5.813598632812500000e-02
7.934570312500000000e-04,-9.185791015625000000e-03
7.934570312500000000e-04,-5.706787109375000000e-03
7.324218750000000000e-04,-9.185791015625000000e-03
7.629394531250000000e-04,-2.899169921875000000e-02
7.324218750000000000e-04,-1.864624023437500000e-02
7.934570312500000000e-04,1.074218750000000000e-02
8.544921875000000000e-04,-2.203369140625000000e-02
7.934570312500000000e-04,-3.182983398437500000e-02
7.629394531250000000e-04,-2.685546875000000000e-02
7.934570312500000000e-04,-4.476928710937500000e-02
8.239746093750000000e-04,-5.908203125000000000e-02
7.934570312500000000e-04,-5.718994140625000000e-02
7.629394531250000000e-04,1.770019531250000000e-03
7.934570312500000000e-04,-5.682373046875000000e-02
7.324218750000000000e-04,9.765625000000000000e-04
7.629394531250000000e-04,2.532958984375000000e-03
7.324218750000000000e-04,3.015136718750000000e-02
7.019042968750000000e-04,5.654907226562500000e-02
7.934570312500000000e-04,2.383422851562500000e-02
7.629394531250000000e-04,5.371093750000000000e-02
8.239746093750000000e-04,5.175781250000000000e-02
7.934570312500000000e-04,4.626464843750000000e-02
7.324218750000000000e-04,4.382324218750000000e-02
7.629394531250000000e-04,4.119873046875000000e-02
7.934570312500000000e-04,1.898193359375000000e-02
7.934570312500000000e-04,7.345581054687500000e-02
7.934570312500000000e-04,6.985473632812500000e-02
7.934570312500000000e-04,1.035156250000000000e-01
7.629394531250000000e-04,1.128845214843750000e-01
7.934570312500000000e-04,7.931518554687500000e-02
7.934570312500000000e-04,6.018066406250000000e-02
8.850097656250000000e-04,8.346557617187500000e-02
8.544921875000000000e-04,4.534912109375000000e-02
8.544921875000000000e-04,6.195068359375000000e-02
8.239746093750000000e-04,6.338500976562500000e-02
7.629394531250000000e-04,1.205749511718750000e-01
7.934570312500000000e-04,9.356689453125000000e-02
7.324218750000000000e-04,9.732055664062500000e-02
7.934570312500000000e-04,9.371948242187500000e-02
7.324218750000000000e-04,7.965087890625000000e-02
7.629394531250000000e-04,7.217407226562500000e-02
7.629394531250000000e-04,1.264343261718750000e-01
7.629394531250000000e-04,9.893798828125000000e-02
7.629394531250000000e-04,1.054687500000000000e-01
8.239746093750000000e-04,7.424926757812500000e-02
7.629394531250000000e-04,6.652832031250000000e-02
7.629394531250000000e-04,7.415771484375000000e-02
7.629394531250000000e-04,3.567504882812500000e-02
7.324218750000000000e-04,5.828857421875000000e-02
7.934570312500000000e-04,4.833984375000000000e-02
7.324218750000000000e-04,7.263183593750000000e-03
7.629394531250000000e-04,-6.225585937500000000e-03
8.239746093750000000e-04,-4.852294921875000000e-02
7.934570312500000000e-04,3.356933593750000000e-02
7.934570312500000000e-04,5.139160156250000000e-02
7.934570312500000000e-04,9.478759765625000000e-02
7.629394531250000000e-04,3.570556640625000000e-02
7.629394531250000000e-04,7.238769531250000000e-02
7.934570312500000000e-04,1.284790039062500000e-02
7.629394531250000000e-04,-3.881835937500000000e-02
7.629394531250000000e-04,-4.650878906250000000e-02
7.324218750000000000e-04,-4.412841796875000000e-02
7.324218750000000000e-04,-7.202148437500000000e-03
7.324218750000000000e-04,3.195190429687500000e-02
7.629394531250000000e-04,4.003906250000000000e-02
7.324218750000000000e-04,1.300048828125000000e-02
7.324218750000000000e-04,-1.718139648437500000e-02
7.324218750000000000e-04,7.843017578125000000e-03
7.019042968750000000e-04,4.446411132812500000e-02
7.324218750000000000e-04,-2.124023437500000000e-02
7.019042968750000000e-04,-4.086303710937500000e-02
6.713867187500000000e-04,1.187133789062500000e-02
6.713867187500000000e-04,7.263183593750000000e-03
7.324218750000000000e-04,-2.413940429687500000e-02
6.713867187500000000e-04,9.735107421875000000e-03
7.019042968750000000e-04,3.570556640625000000e-02
7.019042968750000000e-04,1.593017578125000000e-02
7.019042968750000000e-04,5.221557617187500000e-02
7.019042968750000000e-04,2.648925781250000000e-02
6.713867187500000000e-04,9.646606445312500000e-02
6.408691406250000000e-04,5.343627929687500000e-02
6.408691406250000000e-04,4.388427734375000000e-02
6.408691406250000000e-04,6.744384765625000000e-02
6.408691406250000000e-04,3.579711914062500000e-02
6.103515625000000000e-04,4.882812500000000000e-03
6.408691406250000000e-04,-8.666992187500000000e-03
6.713867187500000000e-04,-2.706909179687500000e-02
6.713867187500000000e-04,-1.684570312500000000e-02
7.629394531250000000e-04,-2.954101562500000000e-02
7.019042968750000000e-04,-2.560424804687500000e-02
6.713867187500000000e-04,-8.819580078125000000e-03
7.019042968750000000e-04,-3.210449218750000000e-02
7.019042968750000000e-04,2.801513671875000000e-02
7.019042968750000000e-04,4.312133789062500000e-02
6.713867187500000000e-04,2.792358398437500000e-02
6.713867187500000000e-04,4.577636718750000000e-04
6.408691406250000000e-04,5.538940429687500000e-02
6.408691406250000000e-04,5.245971679687500000e-02
6.103515625000000000e-04,3.302001953125000000e-02
6.103515625000000000e-04,7.031250000000000000e-02
6.408691406250000000e-04,5.471801757812500000e-02
6.103515625000000000e-04,4.791259765625000000e-03
6.103515625000000000e-04,-4.699707031250000000e-03
6.408691406250000000e-04,6.332397460937500000e-02
6.713867187500000000e-04,3.671264648437500000e-02
6.103515625000000000e-04,8.941650390625000000e-02
6.408691406250000000e-04,1.181640625000000000e-01
5.798339843750000000e-04,5.895996093750000000e-02
5.798339843750000000e-04,4.965209960937500000e-02
6.103515625000000000e-04,9.576416015625000000e-02
6.103515625000000000e-04,1.052246093750000000e-01
6.408691406250000000e-04,1.916503906250000000e-02
6.408691406250000000e-04,7.232666015625000000e-03
5.798339843750000000e-04,6.958007812500000000e-03
6.408691406250000000e-04,-4.702758789062500000e-02
6.103515625000000000e-04,-1.950073242187500000e-02
6.103515625000000000e-04,1.293945312500000000e-02
7.019042968750000000e-04,6.744384765625000000e-03
6.408691406250000000e-04,-3.610229492187500000e-02
6.408691406250000000e-04,-3.158569335937500000e-02
5.798339843750000000e-04,-6.707763671875000000e-02
6.103515625000000000e-04,-4.171752929687500000e-02
6.408691406250000000e-04,-1.440429687500000000e-02
6.408691406250000000e-04,-1.461791992187500000e-02
7.019042968750000000e-04,-1.153564453125000000e-02
6.408691406250000000e-04,-3.161621093750000000e-02
6.103515625000000000e-04,1.806640625000000000e-02
6.713867187500000000e-04,6.460571289062500000e-02
6.408691406250000000e-04,3.411865234375000000e-02
6.713867187500000000e-04,-1.800537109375000000e-02
6.408691406250000000e-04,-2.877807617187500000e-02
6.103515625000000000e-04,-2.038574218750000000e-02
6.408691406250000000e-04,1.165771484375000000e-02
6.408691406250000000e-04,-1.284790039062500000e-02
6.103515625000000000e-04,-6.805419921875000000e-03
6.408691406250000000e-04,-1.535034179687500000e-02
6.713867187500000000e-04,1.000976562500000000e-02
6.713867187500000000e-04,2.288818359375000000e-03
6.408691406250000000e-04,1.806640625000000000e-02
6.713867187500000000e-04,4.418945312500000000e-02
6.103515625000000000e-04,4.608154296875000000e-03
6.103515625000000000e-04,-4.312133789062500000e-02
5.493164062500000000e-04,2.929687500000000000e-03
5.493164062500000000e-04,5.255126953125000000e-02
5.798339843750000000e-04,7.226562500000000000e-02
5.798339843750000000e-04,2.252197265625000000e-02
6.713867187500000000e-04,6.918334960937500000e-02
6.408691406250000000e-04,4.806518554687500000e-02
6.103515625000000000e-04,7.257080078125000000e-02
6.103515625000000000e-04,6.460571289062500000e-02
6.103515625000000000e-04,1.885986328125000000e-02
6.408691406250000000e-04,2.792358398437500000e-02
6.103515625000000000e-04,2.529907226562500000e-02
6.408691406250000000e-04,2.618408203125000000e-02
6.408691406250000000e-04,3.710937500000000000e-02
6.103515625000000000e-04,2.960205078125000000e-02
6.408691406250000000e-04,-5.126953125000000000e-03
6.103515625000000000e-04,3.134155273437500000e-02
6.408691406250000000e-04,4.690551757812500000e-02
6.408691406250000000e-04,5.108642578125000000e-02
5.798339843750000000e-04,8.544921875000000000e-02
6.713867187500000000e-04,6.164550781250000000e-02
6.713867187500000000e-04,-1.037597656250000000e-03
7.019042968750000000e-04,4.562377929687500000e-02
6.713867187500000000e-04,2.896118164062500000e-02
7.324218750000000000e-04,6.008911132812500000e-02
6.713867187500000000e-04,5.538940429687500000e-02
6.713867187500000000e-04,6.481933593750000000e-02
6.713867187500000000e-04,-1.004028320312500000e-02
6.713867187500000000e-04,5.603027343750000000e-02
7.019042968750000000e-04,1.977539062500000000e-02
6.713867187500000000e-04,3.906250000000000000e-03
7.019042968750000000e-04,2.136230468750000000e-03
6.713867187500000000e-04,-1.647949218750000000e-02
6.713867187500000000e-04,1.422119140625000000e-02
7.019042968750000000e-04,-2.124023437500000000e-02
7.019042968750000000e-04,1.431274414062500000e-02
6.408691406250000000e-04,4.681396484375000000e-02
6.713867187500000000e-04,9.460449218750000000e-04
7.324218750000000000e-04,-1.327514648437500000e-02
7.629394531250000000e-04,1.712036132812500000e-02
7.629394531250000000e-04,3.671264648437500000e-02
7.019042968750000000e-04,-3.518676757812500000e-02
7.324218750000000000e-04,-1.705932617187500000e-02
7.324218750000000000e-04,3.353881835937500000e-02
6.713867187500000000e-04,-1.800537109375000000e-03
7.324218750000000000e-04,-3.991699218750000000e-02
7.629394531250000000e-04,-2.603149414062500000e-02
7.629394531250000000e-04,-5.300903320312500000e-02
7.629394531250000000e-04,-3.594970703125000000e-02
7.324218750000000000e-04,2.343750000000000000e-02
7.019042968750000000e-04,1.162719726562500000e-02
7.019042968750000000e-04,4.382324218750000000e-02
7.019042968750000000e-04,5.368041992187500000e-02
7.019042968750000000e-04,5.450439453125000000e-02
7.019042968750000000e-04,7.568359375000000000e-02
7.019042968750000000e-04,9.896850585937500000e-02
7.324218750000000000e-04,3.936767578125000000e-02
6.713867187500000000e-04,3.927612304687500000e-02
6.408691406250000000e-04,8.514404296875000000e-02
7.019042968750000000e-04,5.557250976562500000e-02
7.019042968750000000e-04,5.758666992187500000e-02
7.629394531250000000e-04,4.058837890625000000e-02
7.019042968750000000e-04,1.828002929687500000e-02
7.019042968750000000e-04,-1.596069335937500000e-02
7.019042968750000000e-04,1.782226562500000000e-02
7.629394531250000000e-04,1.119995117187500000e-02
7.324218750000000000e-04,-6.927490234375000000e-03
7.629394531250000000e-04,4.397583007812500000e-02
7.934570312500000000e-04,4.733276367187500000e-02
7.019042968750000000e-04,6.582641601562500000e-02
7.324218750000000000e-04,9.790039062500000000e-02
7.934570312500000000e-04,4.293823242187500000e-02
7.324218750000000000e-04,3.784179687500000000e-02
7.324218750000000000e-04,-3.280639648437500000e-02
7.324218750000000000e-04,1.776123046875000000e-02
8.239746093750000000e-04,-1.495361328125000000e-03
7.629394531250000000e-04,8.850097656250000000e-03
7.019042968750000000e-04,-2.926635742187500000e-02
7.629394531250000000e-04,-2.932739257812500000e-02
7.019042968750000000e-04,5.728149414062500000e-02
7.019042968750000000e-04,4.092407226562500000e-02
7.324218750000000000e-04,-1.123046875000000000e-02
7.019042968750000000e-04,-2.166748046875000000e-03
7.934570312500000000e-04,3.466796875000000000e-02
7.019042968750000000e-04,3.485107421875000000e-02
7.019042968750000000e-04,1.269531250000000000e-02
7.019042968750000000e-04,7.781982421875000000e-02
7.324218750000000000e-04,4.388427734375000000e-02
7.019042968750000000e-04,6.857299804687500000e-02
7.019042968750000000e-04,8.599853515625000000e-02
7.629394531250000000e-04,4.760742187500000000e-02
7.019042968750000000e-04,2.343750000000000000e-02
7.019042968750000000e-04,7.836914062500000000e-02
6.713867187500000000e-04,4.199218750000000000e-02
7.019042968750000000e-04,8.776855468750000000e-02
7.324218750000000000e-04,8.001708984375000000e-02
7.324218750000000000e-04,5.612182617187500000e-02
6.713867187500000000e-04,1.168823242187500000e-02
6.713867187500000000e-04,9.552001953125000000e-03
7.629394531250000000e-04,-3.543090820312500000e-02
7.629394531250000000e-04,-1.150512695312500000e-02
7.934570312500000000e-04,4.522705078125000000e-02
8.239746093750000000e-04,1.431274414062500000e-02
7.934570312500000000e-04,3.332519531250000000e-02
7.324218750000000000e-04,-2.331542968750000000e-02
7.934570312500000000e-04,2.169799804687500000e-02
7.324218750000000000e-04,-4.049682617187500000e-02
7.324218750000000000e-04,-3.933715820312500000e-02
8.239746093750000000e-04,-1.684570312500000000e-02
7.324218750000000000e-04,-4.589843750000000000e-02
8.239746093750000000e-04,-1.794433593750000000e-02
7.934570312500000000e-04,9.521484375000000000e-03
7.934570312500000000e-04,-2.807617187500000000e-02
7.934570312500000000e-04,1.852416992187500000e-02
7.324218750000000000e-04,-3.115844726562500000e-02
7.629394531250000000e-04,-1.403808593750000000e-03
7.324218750000000000e-04,-4.541015625000000000e-02
7.629394531250000000e-04,-3.619384765625000000e-02
7.934570312500000000e-04,-4.916381835937500000e-02
8.239746093750000000e-04,-9.143066406250000000e-02
8.239746093750000000e-04,-7.077026367187500000e-02
7.934570312500000000e-04,-1.852416992187500000e-02
8.239746093750000000e-04,1.498413085937500000e-02
8.544921875000000000e-04,2.349853515625000000e-02
8.544921875000000000e-04,5.120849609375000000e-02
8.544921875000000000e-04,-1.779174804687500000e-02
8.239746093750000000e-04,-6.900024414062500000e-02
7.934570312500000000e-04,-2.328491210937500000e-02
7.934570312500000000e-04,-5.792236328125000000e-02
9.155273437500000000e-04,-5.490112304687500000e-02
8.850097656250000000e-04,-3.656005859375000000e-02
9.155273437500000000e-04,-6.317138671875000000e-03
8.850097656250000000e-04,-9.155273437500000000e-05
8.544921875000000000e-04,-2.697753906250000000e-02
9.155273437500000000e-04,-2.648925781250000000e-02
8.850097656250000000e-04,-9.033203125000000000e-03
8.850097656250000000e-04,3.497314453125000000e-02
8.239746093750000000e-04,7.720947265625000000e-03
8.544921875000000000e-04,-1.934814453125000000e-02
9.155273437500000000e-04,1.831054687500000000e-02
8.850097656250000000e-04,-1.870727539062500000e-02
8.850097656250000000e-04,3.060913085937500000e-02
8.544921875000000000e-04,-5.798339843750000000e-03
9.155273437500000000e-04,4.037475585937500000e-02
9.460449218750000000e-04,7.275390625000000000e-02
9.155273437500000000e-04,1.099243164062500000e-01
9.155273437500000000e-04,1.064758300781250000e-01
9.460449218750000000e-04,1.090393066406250000e-01
9.155273437500000000e-04,8.007812500000000000e-02
9.765625000000000000e-04,1.158142089843750000e-01
9.460449218750000000e-04,1.012878417968750000e-01
9.765625000000000000e-04,1.424255371093750000e-01
9.765625000000000000e-04,1.223144531250000000e-01
9.765625000000000000e-04,1.351623535156250000e-01
1.007080078125000000e-03,7.876586914062500000e-02
8.544921875000000000e-04,8.984375000000000000e-02
8.850097656250000000e-04,3.399658203125000000e-02
9.155273437500000000e-04,4.782104492187500000e-02
9.155273437500000000e-04,6.460571289062500000e-02
8.850097656250000000e-04,6.478881835937500000e-02
8.850097656250000000e-04,5.395507812500000000e-02
9.460449218750000000e-04,1.033325195312500000e-01
9.460449218750000000e-04,5.603027343750000000e-02
9.155273437500000000e-04,7.412719726562500000e-02
1.007080078125000000e-03,4.132080078125000000e-02
9.460449218750000000e-04,6.762695312500000000e-02
9.460449218750000000e-04,7.104492187500000000e-02
9.765625000000000000e-04,9.149169921875000000e-02
9.460449218750000000e-04,1.210632324218750000e-01
9.155273437500000000e-04,1.474609375000000000e-01
8.850097656250000000e-04,9.860229492187500000e-02
8.850097656250000000e-04,1.302185058593750000e-01
8.850097656250000000e-04,9.817504882812500000e-02
9.460449218750000000e-04,1.255187988281250000e-01
8.850097656250000000e-04,1.374511718750000000e-01
9.155273437500000000e-04,1.629333496093750000e-01
8.850097656250000000e-04,1.482238769531250000e-01
8.544921875000000000e-04,7.876586914062500000e-02
9.155273437500000000e-04,1.114807128906250000e-01
9.155273437500000000e-04,1.424255371093750000e-01
9.460449218750000000e-04,1.592407226562500000e-01
9.155273437500000000e-04,1.682128906250000000e-01
9.460449218750000000e-04,9.130859375000000000e-02
9.460449218750000000e-04,1.603088378906250000e-01
8.850097656250000000e-04,1.369628906250000000e-01
8.544921875000000000e-04,1.574707031250000000e-01
8.544921875000000000e-04,8.532714843750000000e-02
8.850097656250000000e-04,7.922363281250000000e-02
8.850097656250000000e-04,1.117858886718750000e-01
8.239746093750000000e-04,1.341247558593750000e-01
8.544921875000000000e-04,1.191406250000000000e-01
8.239746093750000000e-04,1.716003417968750000e-01
7.934570312500000000e-04,1.800231933593750000e-01
7.934570312500000000e-04,1.079711914062500000e-01
7.934570312500000000e-04,6.475830078125000000e-02
7.324218750000000000e-04,1.391601562500000000e-02
7.324218750000000000e-04,7.736206054687500000e-02
7.324218750000000000e-04,6.762695312500000000e-02
7.324218750000000000e-04,6.079101562500000000e-02
7.019042968750000000e-04,6.329345703125000000e-02
7.019042968750000000e-04,8.184814453125000000e-02
7.019042968750000000e-04,3.100585937500000000e-02
7.019042968750000000e-04,1.129150390625000000e-02
7.019042968750000000e-04,1.156616210937500000e-02
7.324218750000000000e-04,2.157592773437500000e-02
7.019042968750000000e-04,-1.608276367187500000e-02
6.713867187500000000e-04,-4.891967773437500000e-02
7.019042968750000000e-04,-2.468872070312500000e-02
6.103515625000000000e-04,-3.753662109375000000e-03
5.798339843750000000e-04,-3.305053710937500000e-02
6.103515625000000000e-04,-3.204345703125000000e-02
6.408691406250000000e-04,1.342773437500000000e-03
5.798339843750000000e-04,6.369018554687500000e-02
6.103515625000000000e-04,5.221557617187500000e-02
6.103515625000000000e-04,-1.370239257812500000e-02
5.798339843750000000e-04,-2.185058593750000000e-02
5.798339843750000000e-04,-3.723144531250000000e-03
5.798339843750000000e-04,-2.136230468750000000e-03
5.187988281250000000e-04,2.450561523437500000e-02
5.187988281250000000e-04,6.375122070312500000e-02
5.493164062500000000e-04,5.868530273437500000e-02
5.187988281250000000e-04,1.470947265625000000e-02
5.493164062500000000e-04,7.534790039062500000e-02
5.187988281250000000e-04,1.660156250000000000e-02
5.187988281250000000e-04,1.425170898437500000e-02
5.187988281250000000e-04,3.387451171875000000e-03
5.798339843750000000e-04,-8.514404296875000000e-03
4.882812500000000000e-04,-3.030395507812500000e-02
4.882812500000000000e-04,1.190185546875000000e-03
4.882812500000000000e-04,-3.585815429687500000e-02
5.187988281250000000e-04,-4.431152343750000000e-02
6.103515625000000000e-04,2.865600585937500000e-02
5.493164062500000000e-04,-1.550292968750000000e-02
5.493164062500000000e-04,1.919555664062500000e-02
5.187988281250000000e-04,4.205322265625000000e-02
5.187988281250000000e-04,6.622314453125000000e-03
5.493164062500000000e-04,-6.103515625000000000e-05
5.493164062500000000e-04,-1.770019531250000000e-02
6.103515625000000000e-04,3.082275390625000000e-02
5.187988281250000000e-04,6.134033203125000000e-03
4.882812500000000000e-04,3.842163085937500000e-02
4.882812500000000000e-04,2.294921875000000000e-02
5.493164062500000000e-04,-8.819580078125000000e-03
5.798339843750000000e-04,5.300903320312500000e-02
5.493164062500000000e-04,1.232910156250000000e-02
5.187988281250000000e-04,-1.031494140625000000e-02
5.493164062500000000e-04,-2.697753906250000000e-02
5.187988281250000000e-04,4.336547851562500000e-02
5.493164062500000000e-04,3.225708007812500000e-02
5.187988281250000000e-04,2.853393554687500000e-02
5.187988281250000000e-04,3.637695312500000000e-02
4.882812500000000000e-04,2.444458007812500000e-02
4.577636718750000000e-04,7.986450195312500000e-02
4.882812500000000000e-04,5.096435546875000000e-02
4.882812500000000000e-04,7.455444335937500000e-02
4.577636718750000000e-04,6.985473632812500000e-02
4.272460937500000000e-04,4.437255859375000000e-02
3.967285156250000000e-04,6.161499023437500000e-02
4.272460937500000000e-04,6.594848632812500000e-02
4.272460937500000000e-04,4.089355468750000000e-02
3.662109375000000000e-04,3.408813476562500000e-02
4.272460937500000000e-04,1.507568359375000000e-02
3.356933593750000000e-04,-2.432250976562500000e-02
3.662109375000000000e-04,-1.437377929687500000e-02
4.272460937500000000e-04,4.437255859375000000e-02
3.356933593750000000e-04,3.680419921875000000e-02
3.967285156250000000e-04,-8.605957031250000000e-03
3.967285156250000000e-04,1.358032226562500000e-02
4.272460937500000000e-04,2.688598632812500000e-02
4.272460937500000000e-04,5.712890625000000000e-02
3.967285156250000000e-04,-2.389526367187500000e-02
4.882812500000000000e-04,-4.757690429687500000e-02
4.577636718750000000e-04,1.989746093750000000e-02